{
  "border_score_thresh": 0.10872907042503345,
  "shadow_score_thresh": 0.007278458774089788,
  "de_good": 1.047011709213257,
  "edge_low": 0.436285936832428
}